{
    "foreground_mean": {
        "Dice": 0.8521774259979158,
        "FN": 33836.5,
        "FP": 10677.833333333332,
        "IoU": 0.7460374977931156,
        "TN": 17894146.666666668,
        "TP": 130075.0,
        "n_pred": 140752.83333333334,
        "n_ref": 163911.5
    },
    "mean": {
        "1": {
            "Dice": 0.8486090700628446,
            "FN": 34290.0,
            "FP": 8980.0,
            "IoU": 0.7421847948320929,
            "TN": 17897523.666666668,
            "TP": 127942.33333333333,
            "n_pred": 136922.33333333334,
            "n_ref": 162232.33333333334
        },
        "2": {
            "Dice": 0.8557457819329871,
            "FN": 33383.0,
            "FP": 12375.666666666666,
            "IoU": 0.7498902007541383,
            "TN": 17890769.666666668,
            "TP": 132207.66666666666,
            "n_pred": 144583.33333333334,
            "n_ref": 165590.66666666666
        }
    },
    "metric_per_case": [
        {
            "metrics": {
                "1": {
                    "Dice": 0.9195228597954026,
                    "FN": 7673,
                    "FP": 19806,
                    "IoU": 0.8510340715040794,
                    "TN": 29011823,
                    "TP": 156986,
                    "n_pred": 176792,
                    "n_ref": 164659
                },
                "2": {
                    "Dice": 0.8969315499606609,
                    "FN": 17886,
                    "FP": 7135,
                    "IoU": 0.8131241084165478,
                    "TN": 29062397,
                    "TP": 108870,
                    "n_pred": 116005,
                    "n_ref": 126756
                }
            },
            "prediction_file": "/data/brussel/112/vsc11278/nnunet_project/predictions/case_041.nii.gz",
            "reference_file": "/data/brussel/112/vsc11278/nnunet_project/ground_truth/case_041.nii.gz"
        },
        {
            "metrics": {
                "1": {
                    "Dice": 0.8599509266580918,
                    "FN": 34322,
                    "FP": 6945,
                    "IoU": 0.7543104474768403,
                    "TN": 12336996,
                    "TP": 126697,
                    "n_pred": 133642,
                    "n_ref": 161019
                },
                "2": {
                    "Dice": 0.8673124827013562,
                    "FN": 28328,
                    "FP": 19612,
                    "IoU": 0.7657120516078585,
                    "TN": 12300340,
                    "TP": 156680,
                    "n_pred": 176292,
                    "n_ref": 185008
                }
            },
            "prediction_file": "/data/brussel/112/vsc11278/nnunet_project/predictions/case_042.nii.gz",
            "reference_file": "/data/brussel/112/vsc11278/nnunet_project/ground_truth/case_042.nii.gz"
        },
        {
            "metrics": {
                "1": {
                    "Dice": 0.7663534237350393,
                    "FN": 60875,
                    "FP": 189,
                    "IoU": 0.6212098655153591,
                    "TN": 12343752,
                    "TP": 100144,
                    "n_pred": 100333,
                    "n_ref": 161019
                },
                "2": {
                    "Dice": 0.8029933131369443,
                    "FN": 53935,
                    "FP": 10380,
                    "IoU": 0.6708344422380085,
                    "TN": 12309572,
                    "TP": 131073,
                    "n_pred": 141453,
                    "n_ref": 185008
                }
            },
            "prediction_file": "/data/brussel/112/vsc11278/nnunet_project/predictions/case_043.nii.gz",
            "reference_file": "/data/brussel/112/vsc11278/nnunet_project/ground_truth/case_043.nii.gz"
        }
    ]
}